Name,Authors,Publisher,Published Date,Date Added,Description,Categories,Thumbnail,ISBN,Page Count,Current Page,Notes

1984,['George Orwell'],,2021-01-25,2025-11-30,,,,9783730609767,400,0,()

Die Kunst des Krieges,['Wu Sun'],,2008-01,2025-12-02,,,http://books.google.com/books/content?id=Lj12PQAACAAJ&printsec=frontcover&img=1&zoom=1&source=gbs_api,9783937872872,156,0,()

Die 5 essenziellen Prinzipien hinter Think and Grow Rich,['Napoleon Hill'],,2019,2025-12-02,,,,9783959722018,25,0,()

Geld und Geldpolitik,['Deutsche Bundesbank'],,2024,2025-12-02,,,,9783957299895,0,0,()

